{
  "@originContentId": "028ef7baba0bd12f8a55f24bd7915b7548805609c5b71e243884e282dd1dcedb",
  "@originModelId": "9a6144ddc728d24cf2cff46cb334779370cb5c2c8c477c7031f6340da44f1262",
  "@originOrg": "303981477d1e41d08587796c8f3bf623",
  "createdBy": "agZ9n5CUKRfbL9t6CaJOyVSK4Es2",
  "createdDate": 1611769584081,
  "data": {
    "state": {
      "deviceSize": "large",
      "location": {
        "path": "",
        "query": {}
      }
    },
    "blocks": [
      {
        "@type": "@builder.io/sdk:Element",
        "@version": 2,
        "bindings": {
          "component.options.collection": "state.collection",
          "component.options.renderSeo": "true"
        },
        "id": "builder-02434c3799094ba2a50eb11212e7e54c",
        "component": {
          "name": "CollectionView",
          "options": {
            "productGridOptions": {
              "cardProps": {
                "variant": "simple",
                "imgPriority": true,
                "imgLayout": "responsive",
                "imgLoading": "eager",
                "imgWidth": 440,
                "imgHeight": 440,
                "layout": "fixed"
              },
              "gridProps": {
                "variant": "filled",
                "layout": "normal"
              },
              "limit": 9,
              "highlightCard": {
                "index": null,
                "variant": "simple",
                "imgPriority": true
              },
              "offset": 0
            }
          }
        },
        "responsiveStyles": {
          "large": {
            "display": "flex",
            "flexDirection": "column",
            "position": "relative",
            "flexShrink": "0",
            "boxSizing": "border-box",
            "marginTop": "20px"
          }
        }
      }
    ]
  },
  "id": "02b4e92ba28f4f859c50c20ae251af77",
  "lastUpdated": 1612948484060,
  "lastUpdatedBy": "agZ9n5CUKRfbL9t6CaJOyVSK4Es2",
  "meta": {
    "hasLinks": false,
    "kind": "component",
    "needsHydration": false,
    "shopifyDomain": "builder-io-demo.myshopify.com/"
  },
  "modelId": "09a22d81c68e4c148c822c73398b1c04",
  "name": "generic collection",
  "published": "published",
  "query": [],
  "rev": "y1uosekro1a",
  "screenshot": "https://cdn.builder.io/api/v1/image/assets%2F9aa8825c0d33424ca3e9076c2cc4a328%2F9c84aa35d8c54162ac7d2aa0a1708f53",
  "testRatio": 1,
  "variations": {}
}
