{
  "pathPrefix": "/",
  "useQueryParamTargetingClientSide": false,
  "sendToMongoDb": true,
  "sendToElasticSearch": false,
  "publicReadable": true,
  "publicWritable": false,
  "bigData": false,
  "webhooks": [],
  "strictPrivateWrite": false,
  "showScheduling": true,
  "showMetrics": true,
  "archived": false,
  "strictPrivateRead": false,
  "injectWcAt": "",
  "individualEmbed": false,
  "allowHeatmap": true,
  "hidden": false,
  "injectWcPosition": "",
  "hideFromUI": false,
  "createdDate": 1618890594461,
  "getSchemaFromPage": false,
  "showTargeting": true,
  "requiredTargets": [],
  "helperText": "",
  "hooks": {},
  "fields": [
    {
      "model": "",
      "hideFromFieldsEditor": true,
      "hideFromUI": false,
      "copyOnAdd": true,
      "showTemplatePicker": true,
      "helperText": "",
      "mandatory": false,
      "name": "blocks",
      "permissionsRequiredToEdit": "",
      "@type": "@builder.io/core:Field",
      "noPhotoPicker": false,
      "disallowRemove": false,
      "advanced": false,
      "showIf": "",
      "required": true,
      "subFields": [],
      "simpleTextOnly": false,
      "hidden": false,
      "autoFocus": false,
      "type": "uiBlocks",
      "onChange": ""
    },
    {
      "model": "",
      "onChange": "",
      "noPhotoPicker": false,
      "hideFromFieldsEditor": false,
      "type": "ShopifyCollectionPreview",
      "@type": "@builder.io/core:Field",
      "simpleTextOnly": false,
      "permissionsRequiredToEdit": "",
      "advanced": false,
      "hidden": false,
      "hideFromUI": false,
      "autoFocus": false,
      "copyOnAdd": true,
      "mandatory": false,
      "showTemplatePicker": true,
      "helperText": "",
      "subFields": [],
      "showIf": "",
      "name": "collectionPreview",
      "required": false,
      "disallowRemove": false
    }
  ],
  "schema": {},
  "lastUpdateBy": null,
  "designerVersion": 1,
  "allowMetrics": true,
  "showAbTests": true,
  "repeatable": false,
  "allowTests": true,
  "name": "collection-page",
  "componentsOnlyMode": false,
  "examplePageUrl": "${space.siteUrl}/collection/${previewResource.handle}",
  "@originId": "9a6144ddc728d24cf2cff46cb334779370cb5c2c8c477c7031f6340da44f1262",
  "id": "09a22d81c68e4c148c822c73398b1c04",
  "subType": "",
  "hideOptions": false,
  "defaultQuery": [],
  "isPage": false,
  "apiGenerated": true,
  "autoTracked": true,
  "singleton": false,
  "kind": "component"
}
