{
  "useQueryParamTargetingClientSide": false,
  "name": "cart-upsell-sidebar",
  "apiGenerated": true,
  "helperText": "",
  "hideOptions": false,
  "allowTests": true,
  "hideFromUI": false,
  "allowMetrics": true,
  "strictPrivateRead": false,
  "injectWcAt": "",
  "publicWritable": false,
  "id": "0e6804aae83c428a847619d5656d0a06",
  "singleton": false,
  "subType": "",
  "publicReadable": true,
  "allowBuiltInComponents": true,
  "pathPrefix": "/",
  "@originId": "7bc3282a5519382b731f1b5aef6ab5a910b731d4313286e1a8bba6c8979fab54",
  "strictPrivateWrite": false,
  "componentsOnlyMode": false,
  "fields": [
    {
      "advanced": false,
      "required": true,
      "autoFocus": false,
      "disallowRemove": false,
      "showIf": "",
      "hideFromFieldsEditor": true,
      "@type": "@builder.io/core:Field",
      "onChange": "",
      "type": "uiBlocks",
      "hidden": false,
      "name": "blocks",
      "showTemplatePicker": true,
      "subFields": [],
      "hideFromUI": false,
      "simpleTextOnly": false,
      "permissionsRequiredToEdit": "",
      "mandatory": false,
      "helperText": "",
      "copyOnAdd": true,
      "noPhotoPicker": false,
      "model": ""
    }
  ],
  "kind": "component",
  "requiredTargets": [],
  "getSchemaFromPage": false,
  "showTargeting": true,
  "examplePageUrl": "",
  "bigData": false,
  "isPage": false,
  "hooks": {},
  "sendToMongoDb": true,
  "individualEmbed": false,
  "allowHeatmap": true,
  "showMetrics": true,
  "schema": {},
  "sendToElasticSearch": false,
  "designerVersion": 1,
  "hidden": false,
  "autoTracked": true,
  "injectWcPosition": "",
  "createdDate": 1618890594739,
  "defaultQuery": [],
  "archived": false,
  "repeatable": false,
  "webhooks": [],
  "showScheduling": true,
  "lastUpdateBy": null,
  "showAbTests": true
}
