{
  "archived": false,
  "sendToElasticSearch": false,
  "allowTests": true,
  "showTargeting": true,
  "strictPrivateRead": false,
  "helperText": "",
  "createdDate": 1618890594742,
  "bigData": false,
  "getSchemaFromPage": false,
  "@originId": "b798c9133380b5cda025a0540d5cbd789c49566ae06145a6a85e7387b4a63bef",
  "webhooks": [],
  "allowHeatmap": true,
  "hideOptions": false,
  "requiredTargets": [],
  "sendToMongoDb": true,
  "singleton": false,
  "publicWritable": false,
  "injectWcPosition": "",
  "allowMetrics": true,
  "hideFromUI": false,
  "apiGenerated": true,
  "allowBuiltInComponents": true,
  "repeatable": false,
  "subType": "",
  "hooks": {},
  "kind": "page",
  "showScheduling": true,
  "showAbTests": true,
  "strictPrivateWrite": false,
  "showMetrics": true,
  "injectWcAt": "",
  "lastUpdateBy": null,
  "fields": [
    {
      "permissionsRequiredToEdit": "",
      "@type": "@builder.io/core:Field",
      "showIf": "",
      "model": "",
      "hidden": true,
      "name": "blocks",
      "simpleTextOnly": false,
      "hideFromFieldsEditor": false,
      "disallowRemove": false,
      "onChange": "",
      "copyOnAdd": true,
      "noPhotoPicker": false,
      "type": "uiBlocks",
      "required": false,
      "hideFromUI": false,
      "mandatory": false,
      "advanced": false,
      "subFields": [],
      "showTemplatePicker": true,
      "autoFocus": false,
      "helperText": ""
    },
    {
      "hidden": false,
      "noPhotoPicker": false,
      "copyOnAdd": true,
      "advanced": false,
      "showIf": "",
      "permissionsRequiredToEdit": "",
      "mandatory": false,
      "onChange": "",
      "showTemplatePicker": true,
      "autoFocus": false,
      "simpleTextOnly": false,
      "hideFromUI": false,
      "hideFromFieldsEditor": false,
      "helperText": "SEO page title",
      "name": "title",
      "model": "",
      "@type": "@builder.io/core:Field",
      "required": false,
      "type": "text",
      "disallowRemove": false,
      "subFields": []
    },
    {
      "onChange": "",
      "hideFromUI": false,
      "required": false,
      "advanced": false,
      "permissionsRequiredToEdit": "",
      "@type": "@builder.io/core:Field",
      "helperText": "SEO page description",
      "simpleTextOnly": false,
      "hideFromFieldsEditor": false,
      "noPhotoPicker": false,
      "name": "description",
      "showIf": "",
      "subFields": [],
      "model": "",
      "disallowRemove": false,
      "copyOnAdd": true,
      "showTemplatePicker": true,
      "type": "longText",
      "mandatory": false,
      "autoFocus": false,
      "hidden": false
    }
  ],
  "isPage": false,
  "useQueryParamTargetingClientSide": false,
  "designerVersion": 1,
  "name": "page",
  "id": "11194fd7edd743719276f4324a7bd972",
  "componentsOnlyMode": false,
  "publicReadable": true,
  "schema": {},
  "autoTracked": true,
  "hidden": false,
  "individualEmbed": false,
  "defaultQuery": []
}
