{
  "@originContentId": "80fd158e3036edff53ddf0a208d0a589888f6aaa0bf04f5c737d31f55db9e85e",
  "@originModelId": "6bd686e19fb086590883f023855c3a1514eeed08f6c5d45f10d35213f8fa9313",
  "@originOrg": "303981477d1e41d08587796c8f3bf623",
  "createdBy": "agZ9n5CUKRfbL9t6CaJOyVSK4Es2",
  "createdDate": 1610516058604,
  "data": {
    "inputs": [],
    "state": {
      "deviceSize": "large",
      "location": {
        "path": "",
        "query": {}
      }
    },
    "blocks": [
      {
        "@type": "@builder.io/sdk:Element",
        "@version": 2,
        "bindings": {
          "component.options.product": "state.product",
          "component.options.title": "state.product.title",
          "component.options.description": "state.product.descriptionHtml"
        },
        "id": "builder-0651a7f9080a46b2a5cf92ab47265e54",
        "component": {
          "name": "ProductView",
          "options": {}
        },
        "responsiveStyles": {
          "large": {
            "display": "flex",
            "flexDirection": "column",
            "position": "relative",
            "flexShrink": "0",
            "boxSizing": "border-box",
            "marginTop": "20px"
          }
        }
      }
    ]
  },
  "id": "664fca5a42e849c597a3d0d4da1c82f2",
  "lastUpdated": 1611873566299,
  "lastUpdatedBy": "agZ9n5CUKRfbL9t6CaJOyVSK4Es2",
  "meta": {
    "hasLinks": false,
    "kind": "component",
    "needsHydration": false,
    "shopifyDomain": "builder-io-demo.myshopify.com/"
  },
  "modelId": "92b6ba9ca20b4d3b8a0fcbc302ec8021",
  "name": "Generic template",
  "published": "published",
  "query": [],
  "rev": "j4qsk89ziu",
  "screenshot": "https://cdn.builder.io/api/v1/image/assets%2F6e5b10afb1a9457ba648112d4c5d30e8%2F52a6831152264f29a2b28166304a30d5",
  "testRatio": 1,
  "variations": {}
}
