{
  "@originId": "6bd686e19fb086590883f023855c3a1514eeed08f6c5d45f10d35213f8fa9313",
  "strictPrivateRead": false,
  "showScheduling": true,
  "createdDate": 1618890591654,
  "lastUpdateBy": null,
  "defaultQuery": [],
  "allowMetrics": true,
  "injectWcPosition": "",
  "fields": [
    {
      "showIf": "",
      "type": "uiBlocks",
      "required": true,
      "simpleTextOnly": false,
      "showTemplatePicker": true,
      "onChange": "",
      "autoFocus": false,
      "mandatory": false,
      "disallowRemove": false,
      "copyOnAdd": true,
      "permissionsRequiredToEdit": "",
      "name": "blocks",
      "hidden": false,
      "noPhotoPicker": false,
      "hideFromFieldsEditor": true,
      "helperText": "",
      "advanced": false,
      "model": "",
      "hideFromUI": false,
      "@type": "@builder.io/core:Field",
      "subFields": []
    },
    {
      "showIf": "",
      "hidden": false,
      "advanced": false,
      "helperText": "Which product to preview your template on.",
      "copyOnAdd": true,
      "type": "ShopifyProductPreview",
      "required": false,
      "hideFromFieldsEditor": false,
      "showTemplatePicker": true,
      "mandatory": false,
      "hideFromUI": false,
      "autoFocus": false,
      "subFields": [],
      "simpleTextOnly": false,
      "name": "preview",
      "disallowRemove": false,
      "noPhotoPicker": false,
      "model": "",
      "onChange": "",
      "permissionsRequiredToEdit": "",
      "@type": "@builder.io/core:Field"
    }
  ],
  "hideFromUI": false,
  "individualEmbed": false,
  "hooks": {},
  "publicWritable": false,
  "designerVersion": 1,
  "examplePageUrl": "${space.siteUrl}/product/${previewResource.handle}",
  "allowTests": true,
  "getSchemaFromPage": false,
  "name": "product-page",
  "allowHeatmap": true,
  "autoTracked": true,
  "kind": "component",
  "subType": "",
  "hideOptions": false,
  "sendToMongoDb": true,
  "id": "92b6ba9ca20b4d3b8a0fcbc302ec8021",
  "showTargeting": true,
  "showMetrics": true,
  "componentsOnlyMode": false,
  "hidden": false,
  "archived": false,
  "helperText": "",
  "isPage": false,
  "useQueryParamTargetingClientSide": false,
  "repeatable": false,
  "apiGenerated": true,
  "webhooks": [],
  "singleton": false,
  "injectWcAt": "",
  "pathPrefix": "/",
  "schema": {},
  "bigData": false,
  "showAbTests": true,
  "publicReadable": true,
  "sendToElasticSearch": false,
  "strictPrivateWrite": false,
  "requiredTargets": []
}
