{
  "sendToElasticSearch": false,
  "defaultQuery": [],
  "kind": "component",
  "showTargeting": true,
  "subType": "",
  "allowHeatmap": true,
  "id": "e4a1504918e14cc8891aa9925a7c4182",
  "showMetrics": true,
  "injectWcPosition": "",
  "hideOptions": false,
  "repeatable": false,
  "publicReadable": true,
  "lastUpdateBy": null,
  "sendToMongoDb": true,
  "name": "announcement-bar",
  "hideFromUI": false,
  "useQueryParamTargetingClientSide": false,
  "hidden": false,
  "fields": [
    {
      "autoFocus": false,
      "hidden": false,
      "type": "uiBlocks",
      "@type": "@builder.io/core:Field",
      "model": "",
      "helperText": "",
      "copyOnAdd": true,
      "permissionsRequiredToEdit": "",
      "showIf": "",
      "noPhotoPicker": false,
      "subFields": [],
      "onChange": "",
      "required": true,
      "simpleTextOnly": false,
      "hideFromFieldsEditor": true,
      "name": "blocks",
      "showTemplatePicker": true,
      "hideFromUI": false,
      "mandatory": false,
      "disallowRemove": false,
      "advanced": false
    }
  ],
  "hooks": {},
  "publicWritable": false,
  "singleton": false,
  "archived": false,
  "getSchemaFromPage": false,
  "designerVersion": 1,
  "autoTracked": true,
  "allowMetrics": true,
  "helperText": "",
  "allowBuiltInComponents": true,
  "bigData": false,
  "strictPrivateWrite": false,
  "requiredTargets": [],
  "schema": {},
  "examplePageUrl": "http://localhost:3000",
  "createdDate": 1618890591751,
  "webhooks": [],
  "individualEmbed": false,
  "apiGenerated": true,
  "showScheduling": true,
  "isPage": false,
  "strictPrivateRead": false,
  "injectWcAt": "",
  "showAbTests": true,
  "@originId": "aec58ef81d95fccab63302a62bc7c773a94e58bb74decfb6962ade7c84c51e8f",
  "pathPrefix": "/",
  "componentsOnlyMode": false,
  "allowTests": true
}
